{
	"seq.note.step" : 	{
		"presets" : 		{
			"123" : 			{
				"values" : [ 0.0, 0.0, 0.023460133001208, 0.0, 0.5, 0.066666670143604, 0.159999996423721, 0.0, 0.0, 0.03125, 0.800000011920929, 0.782000005245209, 0.0, 0.0, 0.0 ]
			}
,
			"456" : 			{
				"values" : [ 0.0, 0.0, 0.025694444775581, 0.99999988079071, 0.507638871669769, 0.0, 0.159999996423721, 0.0, 0.0, 0.03125, 0.800000011920929, 0.782000005245209, 0.0, 0.0, 0.0 ]
			}

		}

	}

}
